f,n,continuity,momentum_x,momentum_y
0.3,3,34335.72961911098,273709.4131947021,277559.3884322324
