f,n,continuity,momentum_x,momentum_y
0.3,3,81749700.01775692,4554706519.303623,4796636332.865365
